<?xml version="1.0" encoding="UTF-8"?><metadata>
    <idinfo>
        <citation>
            <citeinfo>
                <origin/>
                <title>Single Point Bus Stops of NJ Transit</title>
            </citeinfo>
        </citation>
        <descript>
            <abstract>This layer was created and maintained by the GIS Department. The purpose of this layer is to indicate all active bus stops within the current bus service. Bus stops that serve multiple routes contain a separate record for each route. The layer’s Projected Coordinate System is NAD_1983_StatePlane_New_Jersey_FIPS_2900 and Geographic Coordinate System is GCS_North_American_1983. Data represents scheduled, not necessarily operated stops. Bus line numbers represent internal route numbers and include all light rail service. The external names are as follows: 7 = Newark Light Rail 342 = Hudson-Bergen Light Rail 343 = River LINE 258 = go25</abstract>
            <purpose>Bus stops represented by a single point from the October 2024 service change.</purpose>
        </descript>
        <status>
            <progress>In work</progress>
            <update>As needed</update>
        </status>
        <keywords>
            <theme>
                <themekt>None</themekt>
                <themekey>Transportation</themekey>
            </theme>
            <theme>
                <themekt>ISO 19115 Topic Categories</themekt>
                <themekey>transportation</themekey>
            </theme>
            <place>
                <placekt>None</placekt>
                <placekey>New Jersey</placekey>
                <placekey>New York</placekey>
                <placekey>Pennsylvania</placekey>
            </place>
        </keywords>
        <accconst>Other Constraints</accconst>
        <useconst>Not for design purposes. Data is NOT survey grade.</useconst>
        <ptcontac>
            <cntinfo>
                <cntorgp>
                    <cntorg>NJ Transit</cntorg>
                    <cntper>Aaron Reisner</cntper>
                </cntorgp>
                <cntpos>Director of GIS</cntpos>
                <cntaddr>
                    <addrtype>mailing</addrtype>
                    <address>1 Penn Plaza East</address>
                    <city>Newark</city>
                    <state>NJ</state>
                    <postal>07105</postal>
                </cntaddr>
                <cntvoice>973-491-7606</cntvoice>
                <cntemail>areisner@njtransit.com</cntemail>
            </cntinfo>
        </ptcontac>
        <datacred>NJ TRANSIT GIS Department</datacred>
    </idinfo>
    <metainfo>
        <metd>20220901</metd>
        <metc>
            <cntinfo>
                <cntorgp>
                    <cntorg>NJ Transit</cntorg>
                    <cntper>Aaron Reisner</cntper>
                </cntorgp>
                <cntpos>Director of GIS</cntpos>
                <cntaddr>
                    <addrtype>mailing</addrtype>
                    <address>1 Penn Plaza East</address>
                    <city>Newark</city>
                    <state>NJ</state>
                    <postal>07105</postal>
                </cntaddr>
                <cntvoice>973-491-7606</cntvoice>
                <cntemail>areisner@njtransit.com</cntemail>
            </cntinfo>
        </metc>
        <metstdn>FGDC Content Standard for Digital Geospatial Metadata</metstdn>
        <metstdv>FGDC-STD-001-1998</metstdv>
        <mettc>local time</mettc>
    </metainfo>
</metadata>
